"","shape1","shape2","mean","variance"
"1111",27.8883551539927,28.0394945392098,0.49864880032,0.00439149160923386
"2222",6.81914242002562,13.3658017199165,0.337833108318187,0.0105594755296282
"3333",27.8883551539927,28.0394945392098,0.49864880032,0.00439149160923386
"4444",27.8883551539927,28.0394945392098,0.49864880032,0.00439149160923386
"5555",27.8883551539927,28.0394945392098,0.49864880032,0.00439149160923386
"Pooled",11.425140870319,13.0668034764876,0.466485661919637,0.00976295828035623
